{
    "rmse": 0.7175165479110412,
    "mae": 0.5632223692061283,
    "r2": 0.24842336273550725
}